"SYMBOL","OPEN","HIGH","LOW","PREV.CLOSE","LTP","INDICATIVECLOSE","CHNG","%CHNG","VOLUME(shares)","VALUE(₹Crores)","52WH","52WL","30D%CHNG","365D%CHNG"
"NIFTY 200","14,420.20","14,434.40","14,369.00","14,377.25","14,391.75","-","14.50","0.10","40,12,28,450","8,004.91","14,434.40","11,941.45","1.53","2.21"
"SWIGGY","427.00","433.90","424.00","421.90","433.25","-","11.35","2.69","22,66,400","97.73","617.30","297.00","-7.97","-"
"ITCHOTELS","221.59","225.22","220.36","219.41","224.75","-","5.34","2.43","20,17,106","45.11","261.62","155.10","-7.32","-"
"SUZLON","53.60","54.34","53.40","53.09","54.17","-","1.08","2.03","2,28,21,584","123.17","74.30","46.15","-12.10","-26.46"
"ENRIN","3,124.00","3,159.00","3,105.00","3,100.80","3,157.00","-","56.20","1.81","34,372","10.79","3,625.00","2,508.80","-9.75","-"
"CIPLA","1,646.70","1,669.00","1,642.10","1,639.10","1,665.00","-","25.90","1.58","7,09,223","117.88","1,669.00","1,335.00","4.02","5.63"
"INDUSTOWER","356.45","361.20","353.60","354.40","359.90","-","5.50","1.55","11,40,917","40.96","430.00","312.55","-0.69","-7.84"
"BAJAJHFL","109.10","111.00","109.07","109.05","110.73","-","1.68","1.54","24,77,426","27.39","147.70","103.10","-4.83","-21.73"
"M&MFIN","298.45","305.00","296.40","296.85","301.00","-","4.15","1.40","2,84,086","8.51","305.40","231.02","-86.63","2.01"
"TORNTPOWER","1,310.00","1,324.00","1,305.00","1,304.20","1,320.00","-","15.80","1.21","90,985","11.98","2,037.00","1,188.00","3.14","-33.92"
"BAJAJFINSV","2,150.00","2,184.00","2,134.00","2,139.80","2,165.00","-","25.20","1.18","3,67,784","79.37","2,184.00","1,551.65","3.51","17.58"
"IDEA","9.03","9.06","8.95","8.94","9.04","-","0.10","1.12","19,49,80,250","175.48","10.47","6.12","6.43","-0.89"
"ACC","1,835.40","1,856.10","1,835.40","1,830.90","1,850.00","-","19.10","1.04","38,297","7.07","2,378.40","1,778.45","-2.57","-19.90"
"HYUNDAI","2,345.00","2,348.80","2,327.00","2,323.20","2,344.50","-","21.30","0.92","1,04,512","24.48","2,890.00","1,541.70","-17.30","-"
"COCHINSHIP","1,800.80","1,814.50","1,800.80","1,797.00","1,811.50","-","14.50","0.81","1,88,901","34.18","2,545.00","1,180.20","-5.46","14.89"
"VOLTAS","1,440.00","1,460.00","1,432.90","1,444.80","1,455.80","-","11.00","0.76","2,00,517","29.14","1,877.95","1,135.00","1.75","-22.54"
"BAJAJHLDNG","12,799.00","12,799.00","12,623.00","12,605.00","12,700.00","-","95.00","0.75","7,414","9.43","14,763.00","10,010.00","-4.55","23.09"
"TATATECH","684.95","687.45","680.85","680.85","685.60","-","4.75","0.70","2,51,178","17.20","1,074.95","597.00","-6.01","-35.77"
"INFY","1,478.00","1,486.00","1,470.00","1,460.90","1,471.00","-","10.10","0.69","16,98,704","250.73","2,006.45","1,307.00","-5.15","-22.28"
"JSWSTEEL","1,150.00","1,154.70","1,148.60","1,145.20","1,153.00","-","7.80","0.68","1,15,719","13.34","1,178.80","880.00","2.00","15.37"
"RVNL","330.60","333.30","330.60","329.00","331.20","-","2.20","0.67","8,61,044","28.60","501.80","301.60","-9.48","-31.07"
"GRASIM","2,875.90","2,875.90","2,861.50","2,854.00","2,873.00","-","19.00","0.67","48,792","14.00","2,911.00","2,276.95","-0.83","3.37"
"COLPAL","2,258.00","2,267.90","2,246.80","2,244.20","2,259.00","-","14.80","0.66","75,777","17.10","3,414.70","2,151.00","-4.01","-33.92"
"VBL","456.40","461.00","456.35","456.35","459.30","-","2.95","0.65","5,07,808","23.33","663.60","419.55","-3.81","-22.49"
"NMDC","75.80","76.19","75.31","75.24","75.69","-","0.45","0.60","33,18,059","25.10","82.83","59.53","-1.69","-67.49"
"KPITTECH","1,152.00","1,155.30","1,148.00","1,146.60","1,153.50","-","6.90","0.60","78,204","9.01","1,797.60","1,020.60","-10.78","-35.81"
"AXISBANK","1,225.80","1,238.80","1,222.00","1,226.00","1,233.00","-","7.00","0.57","19,40,248","239.59","1,247.00","933.50","7.93","2.44"
"PREMIERENE","1,058.90","1,066.70","1,056.00","1,052.00","1,058.00","-","6.00","0.57","1,10,035","11.67","1,388.00","774.05","0.07","-3.90"
"GLENMARK","1,852.80","1,871.00","1,844.90","1,852.80","1,863.30","-","10.50","0.57","49,883","9.23","2,284.80","1,275.50","-11.15","6.58"
"NTPCGREEN","100.20","100.80","100.20","99.98","100.50","-","0.52","0.52","7,93,569","7.98","155.35","84.55","-3.89","-"
"MFSL","1,547.90","1,548.00","1,529.60","1,533.30","1,540.90","-","7.60","0.50","70,924","10.93","1,674.80","950.00","-1.82","28.13"
"YESBANK","22.79","22.90","22.68","22.64","22.75","-","0.11","0.49","2,57,43,458","58.59","24.30","16.02","6.94","7.35"
"RECLTD","377.40","378.00","376.00","374.70","376.55","-","1.85","0.49","11,49,313","43.35","573.30","348.60","-2.55","-31.41"
"DRREDDY","1,288.00","1,294.00","1,283.10","1,282.00","1,288.30","-","6.30","0.49","2,26,788","29.24","1,405.90","1,020.00","-3.00","-80.98"
"BAJFINANCE","1,084.90","1,089.00","1,081.00","1,081.00","1,086.00","-","5.00","0.46","9,11,624","98.94","1,089.00","645.10","8.92","-84.33"
"OFSS","8,620.00","8,670.00","8,601.00","8,585.50","8,625.00","-","39.50","0.46","15,929","13.75","13,220.00","7,038.00","-4.80","-25.88"
"FORTIS","1,095.05","1,101.40","1,094.00","1,093.00","1,098.00","-","5.00","0.46","87,444","9.60","1,104.30","572.00","14.58","79.31"
"AMBUJACEM","569.00","569.20","565.70","565.50","568.00","-","2.50","0.44","1,66,817","9.47","624.95","453.05","-2.91","-1.47"
"JSWENERGY","531.50","531.50","525.30","525.20","527.45","-","2.25","0.43","4,89,245","25.86","776.90","418.75","-3.72","-22.41"
"TATASTEEL","172.40","173.25","172.10","171.95","172.68","-","0.73","0.42","24,71,987","42.70","177.82","122.62","0.27","10.66"
"BPCL","339.40","340.25","337.70","337.70","339.10","-","1.40","0.41","4,04,063","13.69","358.65","234.01","2.47","-1.40"
"ATGL","624.00","627.35","621.00","620.70","623.25","-","2.55","0.41","1,20,665","7.53","862.00","532.60","-4.72","-15.27"
"TIINDIA","3,131.50","3,159.80","3,121.50","3,126.30","3,138.20","-","11.90","0.38","12,249","3.84","4,810.80","2,407.10","-6.11","-30.35"
"LT","3,892.00","3,895.00","3,877.20","3,872.70","3,887.00","-","14.30","0.37","2,60,327","101.23","3,963.50","2,965.30","5.37","8.24"
"BDL","1,541.50","1,549.80","1,538.50","1,534.60","1,540.00","-","5.40","0.35","1,60,980","24.85","2,096.60","890.00","-5.95","35.82"
"ADANIPORTS","1,477.00","1,481.50","1,470.00","1,467.00","1,472.00","-","5.00","0.34","3,94,024","58.16","1,494.00","995.65","2.75","4.37"
"NAUKRI","1,324.00","1,326.00","1,312.00","1,311.50","1,315.90","-","4.40","0.34","52,958","6.98","1,825.78","1,157.00","-4.69","-83.79"
"APLAPOLLO","1,745.10","1,767.50","1,745.10","1,749.10","1,755.00","-","5.90","0.34","38,844","6.82","1,936.00","1,272.70","3.43","10.98"
"ASHOKLEY","136.60","136.98","135.86","135.84","136.27","-","0.43","0.32","29,18,743","39.77","144.50","95.93","-3.58","-39.16"
"IRB","43.15","43.50","43.10","43.07","43.20","-","0.13","0.30","16,09,206","6.97","61.99","40.51","-1.19","-24.79"
"TATAMOTORS","402.80","403.40","400.05","399.75","400.85","-","1.10","0.28","34,49,156","138.72","917.65","376.30","-43.49","-56.08"
"NATIONALUM","227.00","227.92","226.50","226.03","226.65","-","0.62","0.27","15,87,416","36.10","262.99","137.75","6.82","-2.62"
"SIEMENS","3,124.00","3,124.00","3,099.00","3,096.80","3,105.10","-","8.30","0.27","37,003","11.49","8,035.95","2,450.00","-6.89","-60.31"
"PFC","401.00","401.50","396.95","397.95","399.00","-","1.05","0.26","6,61,678","26.42","523.90","357.25","-2.73","-15.81"
"BHEL","234.00","235.68","233.85","233.76","234.36","-","0.60","0.26","7,12,531","16.73","272.10","176.00","-1.44","-7.91"
"SOLARINDS","14,070.00","14,140.00","14,064.00","14,084.00","14,120.00","-","36.00","0.26","10,143","14.31","17,820.00","8,482.50","-4.01","23.31"
"BANKINDIA","130.55","131.49","130.00","129.77","130.10","-","0.33","0.25","37,59,439","49.11","131.49","90.05","7.72","23.80"
"PIDILITIND","1,537.00","1,537.00","1,526.30","1,526.30","1,530.00","-","3.70","0.24","62,310","9.55","1,620.00","1,311.10","-49.93","-52.06"
"VEDL","477.50","477.95","474.50","473.90","475.00","-","1.10","0.23","8,41,526","40.05","526.95","363.00","4.02","-1.45"
"SHRIRAMFIN","695.50","697.50","690.30","693.95","695.50","-","1.55","0.22","6,74,998","46.86","717.50","493.35","9.59","-79.25"
"BHARTIHEXA","1,802.00","1,832.00","1,801.20","1,803.00","1,807.00","-","4.00","0.22","21,678","3.94","2,052.90","1,234.00","5.15","19.67"
"WAAREEENER","3,516.00","3,531.00","3,505.00","3,506.60","3,514.00","-","7.40","0.21","2,19,764","77.31","3,865.00","1,863.00","-0.56","-"
"ADANIGREEN","1,044.00","1,045.40","1,036.30","1,034.10","1,036.30","-","2.20","0.21","4,57,938","47.68","1,753.00","758.00","0.33","-40.43"
"M&M","3,608.20","3,628.10","3,604.30","3,599.10","3,606.00","-","6.90","0.19","2,86,950","103.92","3,723.80","2,425.00","0.19","21.42"
"MOTILALOFS","1,029.00","1,030.00","1,021.00","1,020.35","1,022.10","-","1.75","0.17","2,66,944","27.39","1,040.60","513.00","8.01","-0.91"
"TECHM","1,450.00","1,457.30","1,442.00","1,444.40","1,446.90","-","2.50","0.17","1,14,229","16.57","1,807.70","1,209.40","-7.04","-14.43"
"POWERGRID","288.30","289.60","288.20","288.20","288.70","-","0.50","0.17","3,98,291","11.50","345.40","247.30","0.70","-13.21"
"HDFCLIFE","740.60","746.40","740.60","742.25","743.50","-","1.25","0.17","1,19,115","8.87","820.75","584.30","-5.11","-0.03"
"DIXON","16,224.00","16,264.00","16,060.00","16,075.00","16,100.00","-","25.00","0.16","66,310","107.14","19,148.90","12,202.20","-11.56","4.51"
"JIOFIN","311.45","313.30","311.05","310.70","311.20","-","0.50","0.16","31,90,393","99.59","347.35","198.65","-1.99","-5.95"
"FEDERALBNK","228.39","229.30","227.00","227.08","227.45","-","0.37","0.16","29,50,169","67.25","229.90","172.66","14.73","16.27"
"TITAN","3,737.20","3,746.00","3,719.00","3,737.20","3,743.30","-","6.10","0.16","1,56,306","58.36","3,749.90","2,925.00","7.79","10.52"
"EICHERMOT","7,037.00","7,058.00","7,005.00","7,013.50","7,025.00","-","11.50","0.16","14,379","10.10","7,122.50","4,508.75","0.57","47.17"
"IGL","208.50","208.50","207.00","207.19","207.50","-","0.31","0.15","1,62,695","3.38","231.00","153.05","-3.69","-54.13"
"TATACOMM","1,911.80","1,929.90","1,901.00","1,905.10","1,907.50","-","2.40","0.13","52,989","10.16","2,004.00","1,291.00","13.10","1.71"
"BEL","418.15","419.15","416.60","416.50","417.00","-","0.50","0.12","29,15,071","121.86","436.00","240.25","1.86","45.05"
"POWERINDIA","17,600.00","17,600.00","17,417.00","17,452.00","17,472.00","-","20.00","0.11","4,432","7.75","21,800.00","8,801.00","-8.27","12.36"
"CONCOR","536.05","536.65","533.10","533.80","534.40","-","0.60","0.11","1,11,400","5.96","700.76","481.00","-3.60","-38.83"
"LICHSGFIN","573.15","576.30","572.85","573.05","573.70","-","0.65","0.11","91,555","5.26","657.60","483.70","-3.33","-7.36"
"HDFCBANK","1,006.00","1,010.00","1,004.00","1,002.95","1,004.00","-","1.05","0.10","34,71,600","349.99","1,020.00","812.15","3.73","-40.37"
"PAYTM","1,311.00","1,319.00","1,302.00","1,305.50","1,306.80","-","1.30","0.10","5,71,597","75.03","1,319.00","651.50","10.90","80.03"
"IOC","153.90","155.00","153.70","153.85","154.00","-","0.15","0.10","11,88,949","18.33","166.68","110.72","3.60","-6.95"
"COALINDIA","393.10","393.15","390.60","390.60","390.95","-","0.35","0.09","6,78,084","26.54","494.75","349.25","-0.99","-20.64"
"GMRAIRPORT","92.50","92.58","91.60","91.96","92.02","-","0.06","0.07","16,59,032","15.27","97.00","67.75","-0.62","-"
"DABUR","506.15","507.85","503.45","504.55","504.80","-","0.25","0.05","1,28,942","6.52","577.00","433.30","-5.77","-11.70"
"EXIDEIND","398.90","401.60","398.00","398.85","399.00","-","0.15","0.04","3,82,337","15.28","498.65","328.00","-3.78","-19.55"
"SHREECEM","29,045.00","29,085.00","28,755.00","28,880.00","28,890.00","-","10.00","0.03","1,726","5.00","32,490.00","23,500.00","-3.35","18.72"
"ADANIENT","2,554.90","2,562.00","2,542.30","2,548.10","2,548.50","-","0.40","0.02","1,01,019","25.79","3,070.00","2,025.00","0.95","-15.12"
"HINDPETRO","454.95","456.50","451.70","452.95","453.05","-","0.10","0.02","3,27,276","14.88","465.20","287.55","9.66","4.95"
"LICI","890.00","894.70","890.00","891.85","892.00","-","0.15","0.02","1,14,200","10.20","1,007.80","715.30","-0.19","-4.60"
"JUBLFOOD","592.00","595.55","588.25","590.75","590.85","-","0.10","0.02","1,17,879","6.97","796.75","558.25","-5.69","-5.48"
"ABB","5,248.00","5,262.00","5,220.00","5,231.50","5,232.00","-","0.50","0.01","26,961","14.14","8,871.30","4,684.45","-3.78","-40.44"
"APOLLOHOSP","8,038.00","8,058.50","7,992.50","8,010.00","8,010.00","-","-","-","31,082","24.94","8,065.00","6,001.00","2.61","14.71"
"BIOCON","364.30","367.60","361.80","364.30","364.30","-","-","-","4,33,779","15.87","406.00","291.00","-1.33","7.16"
"COROMANDEL","2,186.00","2,193.90","2,173.00","2,175.00","2,175.10","-","0.10","-","14,054","3.07","2,718.90","1,560.00","-3.82","34.17"
"LTF","269.78","269.78","267.00","267.54","267.50","-","-0.04","-0.01","5,43,455","14.58","273.57","129.20","8.45","60.55"
"WIPRO","241.00","242.16","240.36","241.24","241.19","-","-0.05","-0.02","20,82,336","50.30","324.60","228.00","-5.72","-56.03"
"UNIONBANK","142.00","142.52","141.10","141.33","141.30","-","-0.03","-0.02","25,39,060","36.04","158.65","100.81","0.73","25.94"
"IRFC","125.63","126.00","125.00","125.07","125.05","-","-0.02","-0.02","21,09,920","26.46","166.90","108.04","-3.56","-15.31"
"NESTLEIND","1,280.00","1,292.00","1,277.30","1,285.40","1,285.00","-","-0.40","-0.03","2,45,138","31.53","1,311.60","1,055.00","7.61","-45.31"
"INDHOTEL","746.05","748.00","741.00","743.00","742.80","-","-0.20","-0.03","2,49,034","18.56","894.90","649.00","-4.20","8.20"
"HAVELLS","1,485.90","1,491.90","1,480.00","1,485.40","1,485.00","-","-0.40","-0.03","72,699","10.80","1,865.00","1,381.30","-6.63","-19.70"
"ETERNAL","340.10","340.80","337.20","338.15","338.00","-","-0.15","-0.04","38,18,958","129.37","368.45","194.80","0.48","-"
"BOSCHLTD","39,510.00","39,510.00","39,020.00","39,215.00","39,200.00","-","-15.00","-0.04","1,943","7.63","41,945.00","25,921.60","-1.45","6.56"
"AUROPHARMA","1,101.10","1,106.70","1,098.00","1,099.40","1,099.00","-","-0.40","-0.04","64,349","7.09","1,499.50","1,010.00","-1.77","-25.35"
"SBIN","908.00","910.00","906.40","907.50","907.05","-","-0.45","-0.05","17,83,576","161.95","913.65","680.00","5.24","10.62"
"JINDALSTEL","1,010.00","1,012.80","1,003.00","1,005.60","1,005.00","-","-0.60","-0.06","1,09,029","11.00","1,087.60","723.35","-3.86","4.26"
"GAIL","178.82","179.00","177.95","178.42","178.30","-","-0.12","-0.07","5,50,754","9.83","223.55","150.52","-1.78","-19.42"
"TORNTPHARM","3,571.00","3,685.60","3,561.00","3,570.40","3,568.00","-","-2.40","-0.07","20,403","7.31","3,787.90","2,886.45","-1.62","3.50"
"OBEROIRLTY","1,700.00","1,708.00","1,691.40","1,699.20","1,698.00","-","-1.20","-0.07","41,351","7.03","2,343.65","1,451.95","1.74","-12.03"
"SONACOMS","465.00","465.35","460.00","461.20","460.90","-","-0.30","-0.07","1,48,421","6.87","744.90","380.00","5.73","-27.63"
"SUPREMEIND","4,192.90","4,210.00","4,181.10","4,192.90","4,190.00","-","-2.90","-0.07","6,931","2.90","5,156.75","3,095.00","-4.95","-17.14"
"CHOLAFIN","1,685.20","1,686.80","1,665.00","1,673.30","1,672.00","-","-1.30","-0.08","1,32,071","22.08","1,708.00","1,168.00","5.18","14.59"
"DMART","4,308.00","4,311.00","4,260.00","4,275.30","4,272.00","-","-3.30","-0.08","36,984","15.84","4,949.50","3,340.00","-10.47","7.24"
"NTPC","342.95","343.50","341.05","341.95","341.65","-","-0.30","-0.09","3,46,988","11.88","428.75","292.80","0.97","-19.53"
"SAIL","130.55","130.69","129.50","129.84","129.70","-","-0.14","-0.11","19,55,418","25.45","139.98","99.15","-4.67","0.63"
"NYKAA","258.79","260.50","255.33","257.48","257.20","-","-0.28","-0.11","7,29,991","18.83","268.25","154.90","5.69","39.34"
"GODREJPROP","2,309.80","2,325.00","2,279.80","2,291.80","2,289.00","-","-2.80","-0.12","1,91,493","44.10","3,175.80","1,900.00","6.83","-26.86"
"ITC","413.50","413.95","412.35","413.05","412.50","-","-0.55","-0.13","11,42,130","47.16","493.50","390.15","0.58","-15.13"
"LUPIN","1,955.00","1,959.30","1,940.10","1,943.80","1,941.00","-","-2.80","-0.14","45,815","8.91","2,402.90","1,795.20","-5.44","-10.82"
"ASTRAL","1,460.00","1,460.00","1,445.00","1,448.20","1,446.00","-","-2.20","-0.15","32,936","4.77","1,898.00","1,232.30","-0.29","-22.63"
"HAL","4,880.80","4,880.80","4,850.50","4,860.00","4,852.00","-","-8.00","-0.16","1,28,987","62.74","5,165.00","3,046.05","-1.14","7.41"
"IREDA","153.00","154.02","152.66","153.25","153.00","-","-0.25","-0.16","19,64,004","30.11","234.29","137.01","-4.74","-29.10"
"KEI","4,180.00","4,209.90","4,130.00","4,145.50","4,139.00","-","-6.50","-0.16","53,168","22.05","4,706.00","2,424.00","-1.30","2.17"
"GODFRYPHLP","3,419.50","3,436.70","3,365.00","3,403.90","3,398.00","-","-5.90","-0.17","46,680","15.92","3,947.00","1,370.82","-3.44","-49.62"
"HEROMOTOCO","5,667.00","5,668.00","5,631.00","5,641.00","5,631.00","-","-10.00","-0.18","40,575","22.92","5,694.00","3,344.00","4.31","8.14"
"SBILIFE","1,852.00","1,852.00","1,832.50","1,839.70","1,836.20","-","-3.50","-0.19","41,649","7.67","1,912.00","1,372.55","-0.11","7.83"
"VMM","148.09","149.43","147.50","148.05","147.75","-","-0.30","-0.20","6,99,825","10.39","157.60","95.99","-2.82","-"
"ICICIGI","2,016.50","2,022.50","2,002.50","2,011.10","2,007.00","-","-4.10","-0.20","32,723","6.57","2,094.35","1,613.70","7.78","-0.49"
"BAJAJ-AUTO","9,159.50","9,165.00","9,081.00","9,124.50","9,105.50","-","-19.00","-0.21","27,642","25.25","10,829.85","7,089.35","1.71","-9.33"
"NHPC","86.70","87.00","86.15","86.56","86.38","-","-0.18","-0.21","14,80,658","12.81","92.34","71.00","-1.43","2.89"
"PATANJALI","593.00","594.15","587.10","590.25","589.00","-","-1.25","-0.21","88,692","5.23","670.33","523.33","-3.06","-66.56"
"HDFCAMC","5,739.50","5,753.50","5,681.00","5,716.00","5,703.50","-","-12.50","-0.22","42,433","24.29","5,934.50","3,563.05","-2.40","21.37"
"OIL","407.70","409.15","405.00","406.95","406.00","-","-0.95","-0.23","2,10,086","8.55","535.85","325.00","0.72","-23.71"
"PIIND","3,535.00","3,544.90","3,520.00","3,534.10","3,526.00","-","-8.10","-0.23","10,057","3.55","4,715.00","2,951.10","-5.28","-22.51"
"HINDUNILVR","2,594.00","2,606.70","2,585.10","2,594.40","2,588.00","-","-6.40","-0.25","82,020","21.28","2,750.00","2,136.00","1.36","-4.52"
"TATACONSUM","1,176.40","1,184.40","1,172.50","1,176.40","1,173.50","-","-2.90","-0.25","1,23,219","14.49","1,187.50","882.90","4.40","7.61"
"PAGEIND","42,080.00","42,100.00","41,330.00","41,720.00","41,615.00","-","-105.00","-0.25","1,828","7.63","50,590.00","38,850.00","-4.25","-8.45"
"HINDALCO","791.00","791.95","782.50","786.35","784.30","-","-2.05","-0.26","4,57,667","35.98","791.95","546.45","5.79","4.36"
"SUNPHARMA","1,690.00","1,696.00","1,684.00","1,688.60","1,684.00","-","-4.60","-0.27","74,296","12.57","1,922.70","1,548.00","1.97","-11.61"
"MPHASIS","2,756.00","2,764.00","2,732.00","2,747.50","2,740.00","-","-7.50","-0.27","30,806","8.47","3,237.95","2,044.55","-8.23","-11.25"
"INDIANB","822.80","822.80","810.00","813.80","811.50","-","-2.30","-0.28","2,94,281","23.97","822.80","473.90","16.01","56.91"
"UPL","681.00","684.05","678.00","680.80","678.90","-","-1.90","-0.28","86,005","5.86","741.00","484.90","-1.49","22.61"
"TVSMOTOR","3,668.00","3,681.00","3,640.00","3,652.00","3,641.50","-","-10.50","-0.29","60,230","22.07","3,700.00","2,171.40","3.47","34.47"
"CGPOWER","745.00","749.00","735.10","740.15","737.95","-","-2.20","-0.30","4,46,174","33.04","857.70","517.70","-5.04","-9.63"
"PRESTIGE","1,722.90","1,728.40","1,706.10","1,717.50","1,712.10","-","-5.40","-0.31","33,552","5.75","1,900.00","1,048.05","6.10","-2.79"
"INDIGO","5,950.00","5,950.00","5,904.50","5,934.00","5,915.00","-","-19.00","-0.32","35,982","21.30","6,232.50","3,780.00","4.49","27.26"
"ADANIENSOL","944.95","945.00","930.30","937.05","934.00","-","-3.05","-0.33","1,49,680","14.03","1,090.95","588.00","6.83","-10.18"
"BRITANNIA","6,108.00","6,108.00","6,050.00","6,070.00","6,050.00","-","-20.00","-0.33","9,159","5.57","6,336.00","4,506.00","0.01","3.11"
"IDFCFIRSTB","77.25","77.35","76.50","76.93","76.66","-","-0.27","-0.35","1,04,54,110","80.48","78.45","52.46","7.22","7.49"
"INDUSINDBK","761.95","762.90","756.00","759.75","757.00","-","-2.75","-0.36","3,50,896","26.65","1,353.95","606.00","2.06","-43.61"
"ONGC","248.74","249.30","247.39","248.74","247.85","-","-0.89","-0.36","5,69,979","14.15","284.00","205.00","5.09","-12.20"
"HUDCO","228.01","229.79","227.57","228.81","227.99","-","-0.82","-0.36","4,19,395","9.58","262.70","158.85","-0.10","6.39"
"LODHA","1,196.00","1,196.90","1,179.00","1,185.60","1,181.20","-","-4.40","-0.37","68,509","8.14","1,531.00","1,035.15","-2.51","2.12"
"PHOENIXLTD","1,655.00","1,663.20","1,642.00","1,656.30","1,649.90","-","-6.40","-0.39","35,432","5.86","1,902.00","1,338.05","1.63","2.82"
"RELIANCE","1,468.00","1,474.00","1,460.00","1,466.80","1,461.00","-","-5.80","-0.40","20,66,169","303.28","1,551.00","1,114.85","4.22","-46.05"
"SBICARD","938.05","939.00","929.10","937.95","934.10","-","-3.85","-0.41","1,56,079","14.59","1,027.25","659.80","7.61","26.72"
"MRF","1,61,100.00","1,62,750.00","1,60,215.00","1,61,695.00","1,61,000.00","-","-695.00","-0.43","2,188","35.45","1,63,400.00","1,02,124.05","8.01","24.91"
"ZYDUSLIFE","1,002.35","1,006.90","996.55","1,002.35","998.00","-","-4.35","-0.43","59,416","5.94","1,059.05","795.00","-3.37","-1.97"
"CANBK","128.24","128.80","126.45","127.59","127.03","-","-0.56","-0.44","79,93,166","102.15","130.14","78.60","8.35","21.90"
"POLICYBZR","1,646.00","1,653.40","1,633.10","1,643.20","1,636.00","-","-7.20","-0.44","73,785","12.09","2,246.90","1,311.35","-9.20","-2.40"
"MAZDOCK","2,845.00","2,852.00","2,820.00","2,837.60","2,824.90","-","-12.70","-0.45","1,45,746","41.38","3,775.00","1,918.05","-4.94","-37.31"
"TATAPOWER","400.00","401.20","397.55","399.80","398.00","-","-1.80","-0.45","7,12,785","28.48","465.55","326.35","0.88","-11.85"
"MAXHEALTH","1,214.90","1,217.80","1,201.00","1,209.60","1,204.10","-","-5.50","-0.45","1,31,329","15.90","1,314.30","888.90","4.30","29.04"
"BHARTIARTL","2,051.80","2,058.50","2,038.50","2,051.50","2,041.60","-","-9.90","-0.48","2,40,850","49.26","2,058.50","1,511.00","4.54","20.12"
"UNITDSPR","1,373.00","1,373.00","1,357.00","1,365.60","1,359.00","-","-6.60","-0.48","94,445","12.86","1,700.00","1,271.10","2.82","-10.11"
"AUBANK","866.00","871.70","858.45","865.20","861.00","-","-4.20","-0.49","4,83,216","41.71","871.70","478.35","20.38","26.56"
"TRENT","4,827.00","4,839.00","4,772.00","4,802.30","4,779.00","-","-23.30","-0.49","82,502","39.62","7,850.00","4,488.00","-5.47","-38.18"
"MOTHERSON","106.61","106.61","105.00","105.77","105.25","-","-0.52","-0.49","17,68,861","18.70","137.77","71.50","-3.03","-48.44"
"DLF","775.00","776.80","770.00","773.95","770.15","-","-3.80","-0.49","1,65,784","12.81","896.60","601.20","-0.48","-11.56"
"TCS","3,031.10","3,031.80","2,996.00","3,015.20","3,000.00","-","-15.20","-0.50","3,10,644","93.60","4,494.90","2,866.60","-4.86","-26.87"
"BSE","2,506.50","2,519.00","2,477.00","2,494.10","2,481.00","-","-13.10","-0.53","9,46,624","236.35","3,030.00","1,227.33","14.27","-41.66"
"BANKBARODA","271.50","272.70","269.10","271.45","270.00","-","-1.45","-0.53","11,37,999","30.83","273.10","190.70","7.68","9.47"
"PNB","118.25","118.90","117.30","118.10","117.46","-","-0.64","-0.54","47,60,898","56.21","119.16","85.46","4.24","14.36"
"MARUTI","16,453.00","16,476.00","16,330.00","16,424.00","16,335.00","-","-89.00","-0.54","28,990","47.61","16,549.00","10,725.00","3.53","35.68"
"MANKIND","2,467.00","2,470.60","2,435.00","2,455.10","2,441.30","-","-13.80","-0.56","35,115","8.61","3,054.80","2,115.10","-7.72","-7.26"
"GODREJCP","1,142.10","1,146.40","1,127.00","1,136.50","1,130.00","-","-6.50","-0.57","88,180","10.03","1,342.70","979.50","-8.27","-14.94"
"HCLTECH","1,502.70","1,503.00","1,481.00","1,495.40","1,486.50","-","-8.90","-0.60","2,74,400","40.90","2,012.20","1,302.75","1.91","-19.50"
"ULTRACEMCO","12,371.00","12,417.00","12,271.00","12,346.00","12,271.00","-","-75.00","-0.61","14,465","17.89","13,097.00","10,047.85","-1.30","11.53"
"ALKEM","5,557.00","5,585.50","5,508.50","5,557.00","5,523.00","-","-34.00","-0.61","16,880","9.37","6,250.00","4,491.65","0.28","-9.39"
"IRCTC","721.45","724.50","715.40","721.00","716.50","-","-4.50","-0.62","1,90,939","13.74","884.70","656.00","-2.12","-18.16"
"BLUESTARCO","1,987.00","1,987.00","1,951.10","1,971.30","1,959.00","-","-12.30","-0.62","35,674","7.01","2,417.00","1,521.00","0.38","-2.53"
"ASIANPAINT","2,513.00","2,519.20","2,484.00","2,516.00","2,500.00","-","-16.00","-0.64","1,07,942","27.05","3,057.95","2,124.75","1.38","-15.91"
"DIVISLAB","6,648.00","6,657.00","6,553.00","6,604.00","6,562.00","-","-42.00","-0.64","32,977","21.81","7,071.50","4,955.00","6.52","9.66"
"ICICIBANK","1,384.50","1,387.60","1,375.90","1,390.30","1,381.30","-","-9.00","-0.65","34,15,560","472.43","1,500.00","1,186.00","-0.85","9.95"
"ABCAPITAL","306.20","306.80","302.40","305.35","303.20","-","-2.15","-0.70","4,42,795","13.51","307.80","149.01","5.60","37.50"
"HINDZINC","487.25","489.35","482.00","486.40","482.95","-","-3.45","-0.71","20,18,621","97.86","575.40","378.15","7.36","-3.97"
"CUMMINSIND","4,030.00","4,030.00","3,975.00","4,006.40","3,978.00","-","-28.40","-0.71","19,931","7.99","4,168.70","2,580.00","-1.81","7.99"
"KALYANKJIL","500.00","500.00","490.00","494.90","491.30","-","-3.60","-0.73","5,80,370","28.67","795.40","399.40","-3.23","-31.16"
"ADANIPOWER","171.50","174.39","168.00","170.30","169.00","-","-1.30","-0.76","2,64,25,161","454.75","182.70","86.40","-75.99","-72.15"
"TATAELXSI","5,424.50","5,445.00","5,270.00","5,397.50","5,353.00","-","-44.50","-0.82","46,044","24.74","7,485.00","4,700.00","-5.68","-26.35"
"PERSISTENT","5,825.00","5,860.00","5,785.00","5,844.70","5,797.00","-","-47.70","-0.82","33,872","19.70","6,788.90","4,148.95","6.15","6.15"
"COFORGE","1,762.70","1,764.60","1,729.00","1,747.40","1,732.10","-","-15.30","-0.88","1,06,674","18.65","2,005.36","1,194.01","-2.67","-75.77"
"MARICO","729.10","729.90","718.00","727.35","720.80","-","-6.55","-0.90","81,792","5.92","759.00","577.85","1.00","8.67"
"LTIM","5,611.00","5,672.00","5,533.50","5,596.50","5,545.50","-","-51.00","-0.91","34,204","19.11","6,767.95","3,802.00","1.58","-6.60"
"360ONE","1,200.10","1,200.10","1,170.00","1,183.30","1,172.00","-","-11.30","-0.95","1,36,457","16.11","1,318.00","790.50","9.48","10.67"
"POLYCAB","7,694.00","7,697.50","7,572.50","7,673.50","7,599.00","-","-74.50","-0.97","65,121","49.67","7,794.50","4,555.00","1.65","7.77"
"KOTAKBANK","2,213.80","2,219.80","2,186.90","2,213.80","2,192.00","-","-21.80","-0.98","2,26,804","49.86","2,301.90","1,679.05","9.00","18.32"
"BHARATFORG","1,258.00","1,259.10","1,235.10","1,247.70","1,235.20","-","-12.50","-1.00","93,642","11.69","1,496.00","919.10","-1.96","-15.40"
"SRF","3,200.00","3,200.90","3,130.90","3,179.90","3,141.60","-","-38.30","-1.20","30,569","9.67","3,325.00","2,126.85","8.26","36.73"
"MUTHOOTFIN","3,312.10","3,322.20","3,265.10","3,322.20","3,274.00","-","-48.20","-1.45","1,31,496","43.15","3,377.90","1,756.05","13.20","68.75"